a la bo lian he qiu zhang guo, di bai
an hui, he fei, cheng qu
an hui, he fei, zhang feng
an hui, he fei, fei dong
an hui, he fei, fei xi
an hui, he fei, chao hu
an hui, he fei, lu jiang
an hui, beng bu, cheng qu
an hui, beng bu, huai yuan
an hui, beng bu, gu zhen
an hui, beng bu, wu he
an hui, wu hu, cheng qu
an hui, wu hu, fan chang
an hui, wu hu, wu hu xian
an hui, wu hu, nan ling
an hui, wu hu, wu wei
an hui, huai nan, cheng qu
an hui, huai nan, feng tai
an hui, huai nan, pan ji
an hui, huai nan, shou xian
an hui, ma an shan, cheng qu
an hui, ma an shan, dang tu
an hui, ma an shan, han shan
an hui, ma an shan, he xian
an hui, an qing, cheng qu
an hui, an qing, tai hu
an hui, an qing, qian shan
an hui, an qing, huai ning
an hui, an qing, su song
an hui, an qing, wang jiang
an hui, an qing, yue xi
an hui, an qing, tong cheng
an hui, su zhou, cheng qu
an hui, su zhou, dang shan
an hui, su zhou, ling bi
an hui, su zhou, si xian
an hui, su zhou, xiao xian
an hui, fu yang, cheng qu
an hui, fu yang, fu nan
an hui, fu yang, ying shang
an hui, fu yang, lin quan
an hui, fu yang, jie shou
an hui, fu yang, tai he
an hui, bo zhou, cheng qu
an hui, bo zhou, wo yang
an hui, bo zhou, li xin
an hui, bo zhou, meng cheng
an hui, huang shan, cheng qu
an hui, huang shan, huang shan qu
an hui, huang shan, tun xi
an hui, huang shan, qi men
an hui, huang shan, yi xian
an hui, huang shan, she xian
an hui, huang shan, xiu ning
an hui, chu zhou, cheng qu
an hui, chu zhou, feng yang
an hui, chu zhou, ming guang
an hui, chu zhou, ding yuan
an hui, chu zhou, quan jiao
an hui, chu zhou, lai an
an hui, chu zhou, tian zhang
an hui, huai bei, cheng qu
an hui, huai bei, sui xi
an hui, tong ling, cheng qu
an hui, tong ling, zong yang
an hui, xuan cheng, cheng qu
an hui, xuan cheng, jing xian
an hui, xuan cheng, jing de
an hui, xuan cheng, ning guo
an hui, xuan cheng, ji xi
an hui, xuan cheng, guang de
an hui, xuan cheng, lang xi
an hui, lu an, cheng qu
an hui, lu an, huo qiu
an hui, lu an, jin zhai
an hui, lu an, huo shan
an hui, lu an, shu cheng
an hui, chi zhou, cheng qu
an hui, chi zhou, dong zhi
an hui, chi zhou, qing yang
an hui, chi zhou, jiu hua shan
an hui, chi zhou, shi tai
ao da li ya, xi ni
ao da li ya, mo er ben
ao da li ya, hui ling dun
ao men, cheng qu
ao men, dang zai dao
ao men, lu huan dao
ba xi, ba ba sai na
ba xi, a la jia er sa si
ba xi, a er mei na la
ba xi, a bo luo he si
ba xi, a gui da wa ne
ba xi, a er fu lei duo cha wei si
ba xi, a kai lao
ba xi, a la gua yi na
ba xi, a kai lao
ba xi, a er ta mi la
ba xi, a er ta mi la ji chang
ba xi, a la gua yi na
ba xi, a bo luo he si
bei jing, cheng qu
bei jing, hai dian
bei jing, zhao yang
bei jing, shun yi
bei jing, huai rou
bei jing, tong zhou
bei jing, chang ping
bei jing, yan qing
bei jing, feng tai
bei jing, shi jing shan
bei jing, da xing
bei jing, fang shan
bei jing, mi yun
bei jing, men tou gou
bei jing, ping gu
de guo, fa lan ke fu
de guo, mu ni hei
e luo si, mo si ke
fa guo, ba li
fu jian, fu zhou, cheng qu
fu jian, fu zhou, min qing
fu jian, fu zhou, min hou
fu jian, fu zhou, luo yuan
fu jian, fu zhou, lian jiang
fu jian, fu zhou, yong tai
fu jian, fu zhou, ping tan
fu jian, fu zhou, chang le
fu jian, fu zhou, fu qing
fu jian, xia men, cheng qu
fu jian, xia men, tong an
fu jian, ning de, cheng qu
fu jian, ning de, gu tian
fu jian, ning de, xia pu
fu jian, ning de, shou ning
fu jian, ning de, zhou ning
fu jian, ning de, fu an
fu jian, ning de, zhe rong
fu jian, ning de, fu ding
fu jian, ning de, ping nan
fu jian, pu tian, cheng qu
fu jian, pu tian, xian you
fu jian, pu tian, han jiang
fu jian, pu tian, xiu yu
fu jian, pu tian, li cheng
fu jian, pu tian, cheng xiang
fu jian, quan zhou, cheng qu
fu jian, quan zhou, an xi
fu jian, quan zhou, yong chun
fu jian, quan zhou, de hua
fu jian, quan zhou, nan an
fu jian, quan zhou, hui an
fu jian, quan zhou, jin jiang
fu jian, quan zhou, shi shi
fu jian, zhang zhou, cheng qu
fu jian, zhang zhou, zhang tai
fu jian, zhang zhou, nan jing
fu jian, zhang zhou, ping he
fu jian, zhang zhou, long hai
fu jian, zhang zhou, zhang pu
fu jian, zhang zhou, zhao an
fu jian, zhang zhou, dong shan
fu jian, zhang zhou, yun xiao
fu jian, zhang zhou, hua an
fu jian, long yan, cheng qu
fu jian, long yan, chang ting
fu jian, long yan, lian cheng
fu jian, long yan, wu ping
fu jian, long yan, shang hang
fu jian, long yan, yong ding
fu jian, long yan, zhang ping
fu jian, san ming, cheng qu
fu jian, san ming, ning hua
fu jian, san ming, qing liu
fu jian, san ming, tai ning
fu jian, san ming, jiang le
fu jian, san ming, jian ning
fu jian, san ming, ming xi
fu jian, san ming, sha xian
fu jian, san ming, you xi
fu jian, san ming, yong an
fu jian, san ming, da tian
fu jian, nan ping, cheng qu
fu jian, nan ping, shun chang
fu jian, nan ping, guang ze
fu jian, nan ping, shao wu
fu jian, nan ping, wu yi shan
fu jian, nan ping, pu cheng
fu jian, nan ping, jian yang
fu jian, nan ping, song xi
fu jian, nan ping, zheng he
fu jian, nan ping, jian ou
fu jian, diao yu dao, cheng qu
gan su, lan zhou, cheng qu
gan su, lan zhou, gao lan
gan su, lan zhou, yong deng
gan su, lan zhou, yu zhong
gan su, ding xi, cheng qu
gan su, ding xi, tong wei
gan su, ding xi, long xi
gan su, ding xi, wei yuan
gan su, ding xi, lin tao
gan su, ding xi, zhang xian
gan su, ding xi, min xian
gan su, ding xi, an ding
gan su, ping liang, cheng qu
gan su, ping liang, jing chuan
gan su, ping liang, ling tai
gan su, ping liang, chong xin
gan su, ping liang, hua ting
gan su, ping liang, zhuang lang
gan su, ping liang, jing ning
gan su, ping liang, kong dong
gan su, qing yang, cheng qu
gan su, qing yang, huan xian
gan su, qing yang, hua chi
gan su, qing yang, he shui
gan su, qing yang, zheng ning
gan su, qing yang, ning xian
gan su, qing yang, zhen yuan
gan su, qing yang, qing cheng
gan su, wu wei, cheng qu
gan su, wu wei, min qin
gan su, wu wei, gu lang
gan su, wu wei, tian zhu
gan su, jin chang, cheng qu
gan su, jin chang, yong chang
gan su, zhang ye, cheng qu
gan su, zhang ye, su nan
gan su, zhang ye, min yue
gan su, zhang ye, lin ze
gan su, zhang ye, gao tai
gan su, zhang ye, shan dan
gan su, jiu quan, cheng qu
gan su, jiu quan, jin ta
gan su, jiu quan, a ke sai
gan su, jiu quan, gua zhou
gan su, jiu quan, su bei
gan su, jiu quan, yu men
gan su, jiu quan, dun huang
gan su, tian shui, cheng qu
gan su, tian shui, qing shui
gan su, tian shui, qin an
gan su, tian shui, gan gu
gan su, tian shui, wu shan
gan su, tian shui, zhang jia chuan
gan su, tian shui, mai ji
gan su, long nan, wu dou
gan su, long nan, cheng xian
gan su, long nan, wen xian
gan su, long nan, dang chang
gan su, long nan, kang xian
gan su, long nan, xi he
gan su, long nan, li xian
gan su, long nan, hui xian
gan su, long nan, liang dang
gan su, lin xia, cheng qu
gan su, lin xia, kang le
gan su, lin xia, yong jing
gan su, lin xia, guang he
gan su, lin xia, he zheng
gan su, lin xia, dong xiang
gan su, lin xia, ji shi shan
gan su, gan nan, he zuo
gan su, gan nan, lin tan
gan su, gan nan, zhuo ni
gan su, gan nan, zhou qu
gan su, gan nan, die bu
gan su, gan nan, ma qu
gan su, gan nan, lu qu
gan su, gan nan, xia he
gan su, bai yin, cheng qu
gan su, bai yin, jing yuan
gan su, bai yin, hui ning
gan su, bai yin, ping chuan
gan su, bai yin, jing tai
gan su, jia yu guan, cheng qu
guang dong, guang zhou, cheng qu
guang dong, guang zhou, pan yu
guang dong, guang zhou, cong hua
guang dong, guang zhou, zeng cheng
guang dong, guang zhou, hua dou
guang dong, guang zhou, li wan
guang dong, guang zhou, yue xiu
guang dong, guang zhou, hai zhu
guang dong, guang zhou, tian he
guang dong, guang zhou, bai yun
guang dong, guang zhou, huang pu
guang dong, guang zhou, nan sha
guang dong, shao guan, cheng qu
guang dong, shao guan, ru yuan
guang dong, shao guan, shi xing
guang dong, shao guan, weng yuan
guang dong, shao guan, le chang
guang dong, shao guan, ren hua
guang dong, shao guan, nan xiong
guang dong, shao guan, xin feng
guang dong, shao guan, qu jiang
guang dong, shao guan, zhen jiang
guang dong, shao guan, wu jiang
guang dong, hui zhou, cheng qu
guang dong, hui zhou, bo luo
guang dong, hui zhou, hui yang
guang dong, hui zhou, hui dong
guang dong, hui zhou, long men
guang dong, mei zhou, cheng qu
guang dong, mei zhou, xing ning
guang dong, mei zhou, jiao ling
guang dong, mei zhou, da bu
guang dong, mei zhou, feng shun
guang dong, mei zhou, ping yuan
guang dong, mei zhou, wu hua
guang dong, mei zhou, mei xian
guang dong, shan tou, cheng qu
guang dong, shan tou, chao yang
guang dong, shan tou, cheng hai
guang dong, shan tou, nan ao
guang dong, shen zhen, cheng qu
guang dong, zhu hai, cheng qu
guang dong, zhu hai, dou men
guang dong, zhu hai, jin wan
guang dong, fo shan, cheng qu
guang dong, fo shan, shun de
guang dong, fo shan, san shui
guang dong, fo shan, nan hai
guang dong, fo shan, gao ming
guang dong, zhao qing, cheng qu
guang dong, zhao qing, guang ning
guang dong, zhao qing, si hui
guang dong, zhao qing, de qing
guang dong, zhao qing, huai ji
guang dong, zhao qing, feng kai
guang dong, zhao qing, gao yao
guang dong, zhan jiang, cheng qu
guang dong, zhan jiang, wu chuan
guang dong, zhan jiang, lei zhou
guang dong, zhan jiang, xu wen
guang dong, zhan jiang, lian jiang
guang dong, zhan jiang, chi kan
guang dong, zhan jiang, sui xi
guang dong, zhan jiang, po tou
guang dong, zhan jiang, xia shan
guang dong, zhan jiang, ma zhang
guang dong, jiang men, cheng qu
guang dong, jiang men, kai ping
guang dong, jiang men, xin hui
guang dong, jiang men, en ping
guang dong, jiang men, tai shan
guang dong, jiang men, peng jiang
guang dong, jiang men, he shan
guang dong, jiang men, jiang hai
guang dong, he yuan, cheng qu
guang dong, he yuan, zi jin
guang dong, he yuan, lian ping
guang dong, he yuan, he ping
guang dong, he yuan, long chuan
guang dong, he yuan, dong yuan
guang dong, qing yuan, cheng qu
guang dong, qing yuan, lian nan
guang dong, qing yuan, lian zhou
guang dong, qing yuan, lian shan
guang dong, qing yuan, yang shan
guang dong, qing yuan, fu gang
guang dong, qing yuan, ying de
guang dong, qing yuan, qing xin
guang dong, yun fu, cheng qu
guang dong, yun fu, luo ding
guang dong, yun fu, xin xing
guang dong, yun fu, yu nan
guang dong, yun fu, yun an
guang dong, chao zhou, cheng qu
guang dong, chao zhou, rao ping
guang dong, chao zhou, chao an
guang dong, dong guan, cheng qu
guang dong, zhong shan, cheng qu
guang dong, yang jiang, cheng qu
guang dong, yang jiang, yang chun
guang dong, yang jiang, yang dong
guang dong, yang jiang, yang xi
guang dong, jie yang, cheng qu
guang dong, jie yang, jie xi
guang dong, jie yang, pu ning
guang dong, jie yang, hui lai
guang dong, jie yang, jie dong
guang dong, mao ming, cheng qu
guang dong, mao ming, gao zhou
guang dong, mao ming, hua zhou
guang dong, mao ming, dian bai
guang dong, mao ming, xin yi
guang dong, shan wei, cheng qu
guang dong, shan wei, hai feng
guang dong, shan wei, lu feng
guang dong, shan wei, lu he
guang xi, nan ning, cheng qu
guang xi, nan ning, yong ning
guang xi, nan ning, heng xian
guang xi, nan ning, long an
guang xi, nan ning, ma shan
guang xi, nan ning, shang lin
guang xi, nan ning, wu ming
guang xi, nan ning, bin yang
guang xi, chong zuo, cheng qu
guang xi, chong zuo, tian deng
guang xi, chong zuo, long zhou
guang xi, chong zuo, ping xiang
guang xi, chong zuo, da xin
guang xi, chong zuo, fu sui
guang xi, chong zuo, ning ming
guang xi, liu zhou, cheng qu
guang xi, liu zhou, liu cheng
guang xi, liu zhou, lu zhai
guang xi, liu zhou, liu jiang
guang xi, liu zhou, rong an
guang xi, liu zhou, rong shui
guang xi, liu zhou, san jiang
guang xi, lai bin, cheng qu
guang xi, lai bin, xin cheng
guang xi, lai bin, jin xiu
guang xi, lai bin, xiang zhou
guang xi, lai bin, wu xuan
guang xi, lai bin, he shan
guang xi, gui lin, cheng qu
guang xi, gui lin, long sheng
guang xi, gui lin, yong fu
guang xi, gui lin, lin gui
guang xi, gui lin, xing an
guang xi, gui lin, ling chuan
guang xi, gui lin, quan zhou
guang xi, gui lin, guan yang
guang xi, gui lin, yang shuo
guang xi, gui lin, gong cheng
guang xi, gui lin, ping le
guang xi, gui lin, li pu
guang xi, gui lin, zi yuan
guang xi, wu zhou, cheng qu
guang xi, wu zhou, teng xian
guang xi, wu zhou, cang wu
guang xi, wu zhou, meng shan
guang xi, wu zhou, cen xi
guang xi, he zhou, cheng qu
guang xi, he zhou, zhao ping
guang xi, he zhou, fu chuan
guang xi, he zhou, zhong shan
guang xi, gui gang, cheng qu
guang xi, gui gang, gui ping
guang xi, gui gang, ping nan
guang xi, yu lin, cheng qu
guang xi, yu lin, bo bai
guang xi, yu lin, bei liu
guang xi, yu lin, rong xian
guang xi, yu lin, lu chuan
guang xi, yu lin, xing ye
guang xi, bai se, cheng qu
guang xi, bai se, na po
guang xi, bai se, tian yang
guang xi, bai se, de bao
guang xi, bai se, jing xi
guang xi, bai se, tian dong
guang xi, bai se, ping guo
guang xi, bai se, long lin
guang xi, bai se, xi lin
guang xi, bai se, le ye
guang xi, bai se, ling yun
guang xi, bai se, tian lin
guang xi, qin zhou, cheng qu
guang xi, qin zhou, pu bei
guang xi, qin zhou, ling shan
guang xi, he chi, cheng qu
guang xi, he chi, tian e
guang xi, he chi, dong lan
guang xi, he chi, ba ma
guang xi, he chi, huan jiang
guang xi, he chi, luo cheng
guang xi, he chi, yi zhou
guang xi, he chi, feng shan
guang xi, he chi, nan dan
guang xi, he chi, dou an
guang xi, he chi, da hua
guang xi, bei hai, cheng qu
guang xi, bei hai, he pu
guang xi, fang cheng gang, cheng qu
guang xi, fang cheng gang, shang si
guang xi, fang cheng gang, dong xing
guang xi, fang cheng gang, fang cheng
gui zhou, gui yang, cheng qu
gui zhou, gui yang, bai yun
gui zhou, gui yang, hua xi
gui zhou, gui yang, wu dang
gui zhou, gui yang, xi feng
gui zhou, gui yang, kai yang
gui zhou, gui yang, xiu wen
gui zhou, gui yang, qing zhen
gui zhou, gui yang, yun yan
gui zhou, gui yang, nan ming
gui zhou, zun yi, cheng qu
gui zhou, zun yi, ren huai
gui zhou, zun yi, sui yang
gui zhou, zun yi, mei tan
gui zhou, zun yi, feng gang
gui zhou, zun yi, tong zi
gui zhou, zun yi, chi shui
gui zhou, zun yi, xi shui
gui zhou, zun yi, dao zhen
gui zhou, zun yi, zheng an
gui zhou, zun yi, wu chuan
gui zhou, zun yi, yu qing
gui zhou, zun yi, hui chuan
gui zhou, zun yi, hong hua gang
gui zhou, an shun, cheng qu
gui zhou, an shun, pu ding
gui zhou, an shun, zhen ning
gui zhou, an shun, ping ba
gui zhou, an shun, zi yun
gui zhou, an shun, guan ling
gui zhou, qian nan, dou yun
gui zhou, qian nan, gui ding
gui zhou, qian nan, weng an
gui zhou, qian nan, zhang shun
gui zhou, qian nan, fu quan
gui zhou, qian nan, hui shui
gui zhou, qian nan, long li
gui zhou, qian nan, luo dian
gui zhou, qian nan, ping tang
gui zhou, qian nan, du shan
gui zhou, qian nan, san dou
gui zhou, qian nan, li bo
gui zhou, qian dong nan, kai li
gui zhou, qian dong nan, cen gong
gui zhou, qian dong nan, shi bing
gui zhou, qian dong nan, zhen yuan
gui zhou, qian dong nan, huang ping
gui zhou, qian dong nan, ma jiang
gui zhou, qian dong nan, dan zhai
gui zhou, qian dong nan, san sui
gui zhou, qian dong nan, tai jiang
gui zhou, qian dong nan, jian he
gui zhou, qian dong nan, lei shan
gui zhou, qian dong nan, li ping
gui zhou, qian dong nan, tian zhu
gui zhou, qian dong nan, jin ping
gui zhou, qian dong nan, rong jiang
gui zhou, qian dong nan, cong jiang
gui zhou, tong ren, cheng qu
gui zhou, tong ren, jiang kou
gui zhou, tong ren, yu ping
gui zhou, tong ren, wan shan
gui zhou, tong ren, si nan
gui zhou, tong ren, yin jiang
gui zhou, tong ren, shi qian
gui zhou, tong ren, yan he
gui zhou, tong ren, de jiang
gui zhou, tong ren, song tao
gui zhou, bi jie, cheng qu
gui zhou, bi jie, he zhang
gui zhou, bi jie, jin sha
gui zhou, bi jie, wei ning
gui zhou, bi jie, da fang
gui zhou, bi jie, na yong
gui zhou, bi jie, zhi jin
gui zhou, bi jie, qian xi
gui zhou, liu pan shui, shui cheng
gui zhou, liu pan shui, liu zhi
gui zhou, liu pan shui, pan xian
gui zhou, qian xi nan, xing yi
gui zhou, qian xi nan, qing long
gui zhou, qian xi nan, xing ren
gui zhou, qian xi nan, zhen feng
gui zhou, qian xi nan, wang mo
gui zhou, qian xi nan, an long
gui zhou, qian xi nan, ce heng
gui zhou, qian xi nan, pu an
hai nan, hai kou
hai nan, san ya
hai nan, dong fang
hai nan, lin gao
hai nan, cheng mai
hai nan, dan zhou
hai nan, chang jiang
hai nan, bai sha
hai nan, qiong zhong
hai nan, ding an
hai nan, tun chang
hai nan, qiong hai
hai nan, wen chang
hai nan, bao ting
hai nan, wan ning
hai nan, ling shui
hai nan, le dong
hai nan, wu zhi shan
han guo, shou er
he bei, shi jia zhuang, cheng qu
he bei, shi jia zhuang, jing xing
he bei, shi jia zhuang, zheng ding
he bei, shi jia zhuang, luan cheng
he bei, shi jia zhuang, xing tang
he bei, shi jia zhuang, ling shou
he bei, shi jia zhuang, gao yi
he bei, shi jia zhuang, shen ze
he bei, shi jia zhuang, zan huang
he bei, shi jia zhuang, wu ji
he bei, shi jia zhuang, ping shan
he bei, shi jia zhuang, yuan shi
he bei, shi jia zhuang, zhao xian
he bei, shi jia zhuang, xin ji
he bei, shi jia zhuang, gao cheng
he bei, shi jia zhuang, jin zhou
he bei, shi jia zhuang, xin le
he bei, shi jia zhuang, lu quan
he bei, bao ding, cheng qu
he bei, bao ding, man cheng
he bei, bao ding, fu ping
he bei, bao ding, xu shui
he bei, bao ding, tang xian
he bei, bao ding, gao yang
he bei, bao ding, lai yuan
he bei, bao ding, wang dou
he bei, bao ding, yi xian
he bei, bao ding, qu yang
he bei, bao ding, li xian
he bei, bao ding, shun ping
he bei, bao ding, zhuo zhou
he bei, bao ding, ding zhou
he bei, bao ding, an guo
he bei, bao ding, gao bei dian
he bei, bao ding, lai shui
he bei, bao ding, ding xing
he bei, bao ding, qing yuan
he bei, bao ding, bo ye
he bei, zhang jia kou, cheng qu
he bei, zhang jia kou, xuan hua
he bei, zhang jia kou, zhang bei
he bei, zhang jia kou, kang bao
he bei, zhang jia kou, gu yuan
he bei, zhang jia kou, shang yi
he bei, zhang jia kou, yu xian
he bei, zhang jia kou, yang yuan
he bei, zhang jia kou, huai an
he bei, zhang jia kou, wan quan
he bei, zhang jia kou, huai lai
he bei, zhang jia kou, zhuo lu
he bei, zhang jia kou, chi cheng
he bei, zhang jia kou, chong li
he bei, cheng de, cheng qu
he bei, cheng de, cheng de xian
he bei, cheng de, xing long
he bei, cheng de, ping quan
he bei, cheng de, luan ping
he bei, cheng de, long hua
he bei, cheng de, feng ning
he bei, cheng de, kuan cheng
he bei, cheng de, wei chang
he bei, tang shan, cheng qu
he bei, tang shan, feng nan
he bei, tang shan, feng run
he bei, tang shan, luan xian
he bei, tang shan, luan nan
he bei, tang shan, le ting
he bei, tang shan, qian xi
he bei, tang shan, yu tian
he bei, tang shan, cao fei dian
he bei, tang shan, zun hua
he bei, tang shan, qian an
he bei, lang fang, cheng qu
he bei, lang fang, gu an
he bei, lang fang, yong qing
he bei, lang fang, xiang he
he bei, lang fang, dai cheng
he bei, lang fang, wen an
he bei, lang fang, da chang
he bei, lang fang, ba zhou
he bei, lang fang, san he
he bei, cang zhou, cheng qu
he bei, cang zhou, qing xian
he bei, cang zhou, dong guang
he bei, cang zhou, hai xing
he bei, cang zhou, yan shan
he bei, cang zhou, su ning
he bei, cang zhou, nan pi
he bei, cang zhou, wu qiao
he bei, cang zhou, xian xian
he bei, cang zhou, meng cun
he bei, cang zhou, po tou
he bei, cang zhou, ren qiu
he bei, cang zhou, huang hua
he bei, cang zhou, he jian
he bei, cang zhou, cang xian
he bei, heng shui, cheng qu
he bei, heng shui, zao qiang
he bei, heng shui, wu yi
he bei, heng shui, wu qiang
he bei, heng shui, rao yang
he bei, heng shui, an ping
he bei, heng shui, gu cheng
he bei, heng shui, jing xian
he bei, heng shui, fu cheng
he bei, heng shui, ji zhou
he bei, heng shui, shen zhou
he bei, xing tai, cheng qu
he bei, xing tai, lin cheng
he bei, xing tai, nei qiu
he bei, xing tai, bai xiang
he bei, xing tai, long yao
he bei, xing tai, nan he
he bei, xing tai, ning jin
he bei, xing tai, ju lu
he bei, xing tai, xin he
he bei, xing tai, guang zong
he bei, xing tai, ping xiang
he bei, xing tai, wei xian
he bei, xing tai, qing he
he bei, xing tai, lin xi
he bei, xing tai, nan gong
he bei, xing tai, sha he
he bei, xing tai, ren xian
he bei, han dan, cheng qu
he bei, han dan, feng feng
he bei, han dan, lin zhang
he bei, han dan, cheng an
he bei, han dan, da ming
he bei, han dan, she xian
he bei, han dan, ci xian
he bei, han dan, fei xiang
he bei, han dan, yong nian
he bei, han dan, qiu xian
he bei, han dan, ji ze
he bei, han dan, guang ping
he bei, han dan, guan tao
he bei, han dan, wei xian
he bei, han dan, qu zhou
he bei, han dan, wu an
he bei, qin huang dao, cheng qu
he bei, qin huang dao, qing long
he bei, qin huang dao, chang li
he bei, qin huang dao, fu ning
he bei, qin huang dao, lu long
he bei, qin huang dao, bei dai he
he bei, xiong an xin qu, rong cheng
he bei, xiong an xin qu, an xin
he bei, xiong an xin qu, xiong xian
he nan, zheng zhou, cheng qu
he nan, zheng zhou, gong yi
he nan, zheng zhou, xing yang
he nan, zheng zhou, deng feng
he nan, zheng zhou, xin mi
he nan, zheng zhou, xin zheng
he nan, zheng zhou, zhong mu
he nan, zheng zhou, shang jie
he nan, an yang, cheng qu
he nan, an yang, tang yin
he nan, an yang, hua xian
he nan, an yang, nei huang
he nan, an yang, lin zhou
he nan, xin xiang, cheng qu
he nan, xin xiang, huo jia
he nan, xin xiang, yuan yang
he nan, xin xiang, hui xian
he nan, xin xiang, wei hui
he nan, xin xiang, yan jin
he nan, xin xiang, feng qiu
he nan, xin xiang, zhang yuan
he nan, xu chang, cheng qu
he nan, xu chang, yan ling
he nan, xu chang, xiang cheng
he nan, xu chang, zhang ge
he nan, xu chang, yu zhou
he nan, ping ding shan, cheng qu
he nan, ping ding shan, jia xian
he nan, ping ding shan, bao feng
he nan, ping ding shan, ru zhou
he nan, ping ding shan, ye xian
he nan, ping ding shan, wu gang
he nan, ping ding shan, lu shan
he nan, ping ding shan, shi long
he nan, xin yang, cheng qu
he nan, xin yang, xi xian
he nan, xin yang, luo shan
he nan, xin yang, guang shan
he nan, xin yang, xin xian
he nan, xin yang, huai bin
he nan, xin yang, huang chuan
he nan, xin yang, gu shi
he nan, xin yang, shang cheng
he nan, nan yang, cheng qu
he nan, nan yang, nan zhao
he nan, nan yang, fang cheng
he nan, nan yang, she qi
he nan, nan yang, xi xia
he nan, nan yang, nei xiang
he nan, nan yang, zhen ping
he nan, nan yang, xi chuan
he nan, nan yang, xin ye
he nan, nan yang, tang he
he nan, nan yang, deng zhou
he nan, nan yang, tong bai
he nan, kai feng, cheng qu
he nan, kai feng, qi xian
he nan, kai feng, wei shi
he nan, kai feng, tong xu
he nan, kai feng, lan kao
he nan, luo yang, cheng qu
he nan, luo yang, xin an
he nan, luo yang, meng jin
he nan, luo yang, yi yang
he nan, luo yang, luo ning
he nan, luo yang, yi chuan
he nan, luo yang, song xian
he nan, luo yang, yan shi
he nan, luo yang, luan chuan
he nan, luo yang, ru yang
he nan, luo yang, ji li
he nan, shang qiu, cheng qu
he nan, shang qiu, sui xian
he nan, shang qiu, min quan
he nan, shang qiu, yu cheng
he nan, shang qiu, zhe cheng
he nan, shang qiu, ning ling
he nan, shang qiu, xia yi
he nan, shang qiu, yong cheng
he nan, jiao zuo, cheng qu
he nan, jiao zuo, xiu wu
he nan, jiao zuo, wu zhi
he nan, jiao zuo, qin yang
he nan, jiao zuo, bo ai
he nan, jiao zuo, wen xian
he nan, jiao zuo, meng zhou
he nan, he bi, cheng qu
he nan, he bi, jun xian
he nan, he bi, qi xian
he nan, pu yang, cheng qu
he nan, pu yang, tai qian
he nan, pu yang, nan le
he nan, pu yang, qing feng
he nan, pu yang, fan xian
he nan, zhou kou, cheng qu
he nan, zhou kou, fu gou
he nan, zhou kou, tai kang
he nan, zhou kou, huai yang
he nan, zhou kou, xi hua
he nan, zhou kou, shang shui
he nan, zhou kou, xiang cheng
he nan, zhou kou, dan cheng
he nan, zhou kou, lu yi
he nan, zhou kou, shen qiu
he nan, ta he, cheng qu
he nan, ta he, lin ying
he nan, ta he, wu yang
he nan, zhu ma dian, cheng qu
he nan, zhu ma dian, xi ping
he nan, zhu ma dian, sui ping
he nan, zhu ma dian, shang cai
he nan, zhu ma dian, ru nan
he nan, zhu ma dian, bi yang
he nan, zhu ma dian, ping yu
he nan, zhu ma dian, xin cai
he nan, zhu ma dian, que shan
he nan, zhu ma dian, zheng yang
he nan, san men xia, cheng qu
he nan, san men xia, ling bao
he nan, san men xia, mian chi
he nan, san men xia, lu shi
he nan, san men xia, yi ma
he nan, san men xia, shan zhou
he nan, ji yuan, cheng qu
hei long jiang, ha er bin, cheng qu
hei long jiang, ha er bin, shuang cheng
hei long jiang, ha er bin, hu lan
hei long jiang, ha er bin, a cheng
hei long jiang, ha er bin, bin xian
hei long jiang, ha er bin, yi lan
hei long jiang, ha er bin, ba yan
hei long jiang, ha er bin, tong he
hei long jiang, ha er bin, fang zheng
hei long jiang, ha er bin, yan shou
hei long jiang, ha er bin, shang zhi
hei long jiang, ha er bin, wu chang
hei long jiang, ha er bin, mu lan
hei long jiang, qi qi ha er, cheng qu
hei long jiang, qi qi ha er, ne he
hei long jiang, qi qi ha er, long jiang
hei long jiang, qi qi ha er, gan nan
hei long jiang, qi qi ha er, fu yu
hei long jiang, qi qi ha er, yi an
hei long jiang, qi qi ha er, bai quan
hei long jiang, qi qi ha er, ke shan
hei long jiang, qi qi ha er, ke dong
hei long jiang, qi qi ha er, tai lai
hei long jiang, mu dan jiang, cheng qu
hei long jiang, mu dan jiang, hai lin
hei long jiang, mu dan jiang, mu leng
hei long jiang, mu dan jiang, lin kou
hei long jiang, mu dan jiang, sui fen he
hei long jiang, mu dan jiang, ning an
hei long jiang, mu dan jiang, dong ning
hei long jiang, jia mu si, cheng qu
hei long jiang, jia mu si, tang yuan
hei long jiang, jia mu si, fu yuan
hei long jiang, jia mu si, hua chuan
hei long jiang, jia mu si, hua nan
hei long jiang, jia mu si, tong jiang
hei long jiang, jia mu si, fu jin
hei long jiang, sui hua, cheng qu
hei long jiang, sui hua, zhao dong
hei long jiang, sui hua, an da
hei long jiang, sui hua, hai lun
hei long jiang, sui hua, ming shui
hei long jiang, sui hua, wang kui
hei long jiang, sui hua, lan xi
hei long jiang, sui hua, qing gang
hei long jiang, sui hua, qing an
hei long jiang, sui hua, sui leng
hei long jiang, hei he, cheng qu
hei long jiang, hei he, nen jiang
hei long jiang, hei he, sun wu
hei long jiang, hei he, xun ke
hei long jiang, hei he, wu da lian chi
hei long jiang, hei he, bei an
hei long jiang, da xing an ling, cheng qu
hei long jiang, da xing an ling, ta he
hei long jiang, da xing an ling, mo he
hei long jiang, da xing an ling, hu ma
hei long jiang, yi chun, cheng qu
hei long jiang, yi chun, wu yi ling
hei long jiang, yi chun, wu ying
hei long jiang, yi chun, tie li
hei long jiang, yi chun, jia yin
hei long jiang, da qing, cheng qu
hei long jiang, da qing, lin dian
hei long jiang, da qing, zhao zhou
hei long jiang, da qing, zhao yuan
hei long jiang, da qing, du er bo te
hei long jiang, qi tai he, cheng qu
hei long jiang, qi tai he, bo li
hei long jiang, ji xi, cheng qu
hei long jiang, ji xi, hu lin
hei long jiang, ji xi, mi shan
hei long jiang, ji xi, ji dong
hei long jiang, he gang, cheng qu
hei long jiang, he gang, sui bin
hei long jiang, he gang, luo bei
hei long jiang, shuang ya shan, cheng qu
hei long jiang, shuang ya shan, ji xian
hei long jiang, shuang ya shan, bao qing
hei long jiang, shuang ya shan, rao he
hei long jiang, shuang ya shan, you yi
hu bei, wu han, cheng qu
hu bei, wu han, cai dian
hu bei, wu han, huang po
hu bei, wu han, xin zhou
hu bei, wu han, jiang xia
hu bei, wu han, dong xi hu
hu bei, xiang yang, cheng qu
hu bei, xiang yang, xiang zhou
hu bei, xiang yang, bao kang
hu bei, xiang yang, nan zhang
hu bei, xiang yang, yi cheng
hu bei, xiang yang, lao he kou
hu bei, xiang yang, gu cheng
hu bei, xiang yang, zao yang
hu bei, e zhou, cheng qu
hu bei, e zhou, liang zi hu
hu bei, xiao gan, cheng qu
hu bei, xiao gan, an lu
hu bei, xiao gan, yun meng
hu bei, xiao gan, da wu
hu bei, xiao gan, ying cheng
hu bei, xiao gan, han chuan
hu bei, xiao gan, xiao chang
hu bei, huang gang, cheng qu
hu bei, huang gang, hong an
hu bei, huang gang, ma cheng
hu bei, huang gang, luo tian
hu bei, huang gang, ying shan
hu bei, huang gang, xi shui
hu bei, huang gang, qi chun
hu bei, huang gang, huang mei
hu bei, huang gang, wu xue
hu bei, huang gang, tuan feng
hu bei, huang shi, cheng qu
hu bei, huang shi, da ye
hu bei, huang shi, yang xin
hu bei, huang shi, tie shan
hu bei, huang shi, xia lu
hu bei, huang shi, xi sai shan
hu bei, xian ning, cheng qu
hu bei, xian ning, chi bi
hu bei, xian ning, jia yu
hu bei, xian ning, chong yang
hu bei, xian ning, tong cheng
hu bei, xian ning, tong shan
hu bei, jing zhou, cheng qu
hu bei, jing zhou, jiang ling
hu bei, jing zhou, gong an
hu bei, jing zhou, shi shou
hu bei, jing zhou, jian li
hu bei, jing zhou, hong hu
hu bei, jing zhou, song zi
hu bei, yi chang, cheng qu
hu bei, yi chang, yuan an
hu bei, yi chang, zi gui
hu bei, yi chang, xing shan
hu bei, yi chang, wu feng
hu bei, yi chang, dang yang
hu bei, yi chang, zhang yang
hu bei, yi chang, yi dou
hu bei, yi chang, zhi jiang
hu bei, yi chang, yi ling
hu bei, en shi, cheng qu
hu bei, en shi, li chuan
hu bei, en shi, jian shi
hu bei, en shi, xian feng
hu bei, en shi, xuan en
hu bei, en shi, he feng
hu bei, en shi, lai feng
hu bei, en shi, ba dong
hu bei, shi yan, cheng qu
hu bei, shi yan, zhu xi
hu bei, shi yan, yun xi
hu bei, shi yan, yun yang
hu bei, shi yan, zhu shan
hu bei, shi yan, fang xian
hu bei, shi yan, dan jiang kou
hu bei, shi yan, mao jian
hu bei, shi yan, zhang wan
hu bei, shen nong jia, cheng qu
hu bei, sui zhou, cheng qu
hu bei, sui zhou, guang shui
hu bei, jing men, cheng qu
hu bei, jing men, zhong xiang
hu bei, jing men, jing shan
hu bei, jing men, duo dao
hu bei, jing men, sha yang
hu bei, tian men, cheng qu
hu bei, xian tao, cheng qu
hu bei, qian jiang, cheng qu
hu nan, chang sha, cheng qu
hu nan, chang sha, ning xiang
hu nan, chang sha, liu yang
hu nan, chang sha, xiang jiang xin qu
hu nan, chang sha, wang cheng
hu nan, xiang tan, cheng qu
hu nan, xiang tan, shao shan
hu nan, xiang tan, xiang xiang
hu nan, zhu zhou, cheng qu
hu nan, zhu zhou, you xian
hu nan, zhu zhou, li ling
hu nan, zhu zhou, cha ling
hu nan, zhu zhou, yan ling
hu nan, heng yang, cheng qu
hu nan, heng yang, heng shan
hu nan, heng yang, heng dong
hu nan, heng yang, qi dong
hu nan, heng yang, heng yang xian
hu nan, heng yang, chang ning
hu nan, heng yang, heng nan
hu nan, heng yang, lei yang
hu nan, heng yang, nan yue
hu nan, chen zhou, cheng qu
hu nan, chen zhou, gui yang
hu nan, chen zhou, jia he
hu nan, chen zhou, yi zhang
hu nan, chen zhou, lin wu
hu nan, chen zhou, zi xing
hu nan, chen zhou, ru cheng
hu nan, chen zhou, an ren
hu nan, chen zhou, yong xing
hu nan, chen zhou, gui dong
hu nan, chen zhou, su xian
hu nan, chang de, cheng qu
hu nan, chang de, an xiang
hu nan, chang de, tao yuan
hu nan, chang de, han shou
hu nan, chang de, li xian
hu nan, chang de, lin li
hu nan, chang de, shi men
hu nan, chang de, jin shi
hu nan, yi yang, cheng qu
hu nan, yi yang, he shan qu
hu nan, yi yang, nan xian
hu nan, yi yang, tao jiang
hu nan, yi yang, an hua
hu nan, yi yang, yuan jiang
hu nan, lou di, cheng qu
hu nan, lou di, shuang feng
hu nan, lou di, leng shui jiang
hu nan, lou di, xin hua
hu nan, lou di, lian yuan
hu nan, shao yang, cheng qu
hu nan, shao yang, long hui
hu nan, shao yang, dong kou
hu nan, shao yang, xin shao
hu nan, shao yang, shao dong
hu nan, shao yang, sui ning
hu nan, shao yang, xin ning
hu nan, shao yang, wu gang
hu nan, shao yang, cheng bu
hu nan, shao yang, shao yang xian
hu nan, yue yang, cheng qu
hu nan, yue yang, hua rong
hu nan, yue yang, xiang yin
hu nan, yue yang, mi luo
hu nan, yue yang, ping jiang
hu nan, yue yang, lin xiang
hu nan, zhang jia jie, cheng qu
hu nan, zhang jia jie, sang zhi
hu nan, zhang jia jie, ci li
hu nan, zhang jia jie, wu ling yuan
hu nan, huai hua, cheng qu
hu nan, huai hua, yuan ling
hu nan, huai hua, chen xi
hu nan, huai hua, jing zhou
hu nan, huai hua, hui tong
hu nan, huai hua, tong dao
hu nan, huai hua, ma yang
hu nan, huai hua, xin huang
hu nan, huai hua, zhi jiang
hu nan, huai hua, xu pu
hu nan, huai hua, zhong fang
hu nan, huai hua, hong jiang
hu nan, yong zhou, cheng qu
hu nan, yong zhou, qi yang
hu nan, yong zhou, dong an
hu nan, yong zhou, shuang pai
hu nan, yong zhou, dao xian
hu nan, yong zhou, ning yuan
hu nan, yong zhou, jiang yong
hu nan, yong zhou, lan shan
hu nan, yong zhou, xin tian
hu nan, yong zhou, jiang hua
hu nan, yong zhou, leng shui tan
hu nan, xiang xi, ji shou
hu nan, xiang xi, bao jing
hu nan, xiang xi, yong shun
hu nan, xiang xi, gu zhang
hu nan, xiang xi, feng huang
hu nan, xiang xi, lu xi
hu nan, xiang xi, long shan
hu nan, xiang xi, hua yuan
ji lin, chang chun, cheng qu
ji lin, chang chun, nong an
ji lin, chang chun, de hui
ji lin, chang chun, jiu tai
ji lin, chang chun, yu shu
ji lin, chang chun, shuang yang
ji lin, cheng qu
ji lin, shu lan
ji lin, yong ji
ji lin, jiao he
ji lin, pan shi
ji lin, hua dian
ji lin, yan bian, yan ji
ji lin, yan bian, dun hua
ji lin, yan bian, an tu
ji lin, yan bian, wang qing
ji lin, yan bian, he long
ji lin, yan bian, long jing
ji lin, yan bian, hui chun
ji lin, yan bian, tu men
ji lin, si ping, cheng qu
ji lin, si ping, shuang liao
ji lin, si ping, li shu
ji lin, si ping, gong zhu ling
ji lin, si ping, yi tong
ji lin, tong hua, cheng qu
ji lin, tong hua, mei he kou
ji lin, tong hua, liu he
ji lin, tong hua, hui nan
ji lin, tong hua, ji an
ji lin, tong hua, tong hua xian
ji lin, bai cheng, cheng qu
ji lin, bai cheng, tao nan
ji lin, bai cheng, da an
ji lin, bai cheng, zhen lai
ji lin, bai cheng, tong yu
ji lin, liao yuan, cheng qu
ji lin, liao yuan, dong feng
ji lin, liao yuan, dong liao
ji lin, song yuan, cheng qu
ji lin, song yuan, qian an
ji lin, song yuan, qian guo
ji lin, song yuan, zhang ling
ji lin, song yuan, fu yu
ji lin, bai shan, cheng qu
ji lin, bai shan, jing yu
ji lin, bai shan, lin jiang
ji lin, bai shan, zhang bai
ji lin, bai shan, fu song
ji lin, bai shan, jiang yuan
jia na da, duo lun duo
jia na da, wen ge hua gang
jian pu zhai, jin bian
jian pu zhai, ma de wang
jian pu zhai, xian li
jian pu zhai, ge luo ge
jian pu zhai, shang ding sheng
jian pu zhai, gong bu
jian pu zhai, bang zhan
jian pu zhai, chai zhen
jiang su, nan jing, cheng qu
jiang su, nan jing, li shui
jiang su, nan jing, gao chun
jiang su, nan jing, jiang ning
jiang su, nan jing, liu he
jiang su, nan jing, pu kou
jiang su, wu xi, cheng qu
jiang su, wu xi, jiang yin
jiang su, wu xi, yi xing
jiang su, wu xi, xi shan
jiang su, zhen jiang, cheng qu
jiang su, zhen jiang, dan yang
jiang su, zhen jiang, yang zhong
jiang su, zhen jiang, ju rong
jiang su, zhen jiang, dan tu
jiang su, su zhou, cheng qu
jiang su, su zhou, chang shu
jiang su, su zhou, zhang jia gang
jiang su, su zhou, kun shan
jiang su, su zhou, wu zhong
jiang su, su zhou, wu jiang
jiang su, su zhou, tai cang
jiang su, nan tong, cheng qu
jiang su, nan tong, hai an
jiang su, nan tong, ru gao
jiang su, nan tong, ru dong
jiang su, nan tong, qi dong
jiang su, nan tong, hai men
jiang su, nan tong, tong zhou
jiang su, yang zhou, cheng qu
jiang su, yang zhou, bao ying
jiang su, yang zhou, yi zheng
jiang su, yang zhou, gao you
jiang su, yang zhou, jiang du
jiang su, yang zhou, han jiang
jiang su, yan cheng, cheng qu
jiang su, yan cheng, xiang shui
jiang su, yan cheng, bin hai
jiang su, yan cheng, fu ning
jiang su, yan cheng, she yang
jiang su, yan cheng, jian hu
jiang su, yan cheng, dong tai
jiang su, yan cheng, da feng
jiang su, yan cheng, yan dou
jiang su, xu zhou, cheng qu
jiang su, xu zhou, tong shan
jiang su, xu zhou, feng xian
jiang su, xu zhou, pei xian
jiang su, xu zhou, pi zhou
jiang su, xu zhou, sui ning
jiang su, xu zhou, xin yi
jiang su, huai an, cheng qu
jiang su, huai an, jin hu
jiang su, huai an, xu yi
jiang su, huai an, hong ze
jiang su, huai an, lian shui
jiang su, huai an, huai yin qu
jiang su, huai an, huai an qu
jiang su, lian yun gang, cheng qu
jiang su, lian yun gang, dong hai
jiang su, lian yun gang, gan yu
jiang su, lian yun gang, guan yun
jiang su, lian yun gang, guan nan
jiang su, chang zhou, cheng qu
jiang su, chang zhou, li yang
jiang su, chang zhou, jin tan
jiang su, chang zhou, wu jin
jiang su, tai zhou, cheng qu
jiang su, tai zhou, xing hua
jiang su, tai zhou, tai xing
jiang su, tai zhou, jiang yan
jiang su, tai zhou, jing jiang
jiang su, su qian, cheng qu
jiang su, su qian, shu yang
jiang su, su qian, si yang
jiang su, su qian, si hong
jiang su, su qian, su yu
jiang xi, nan chang, cheng qu
jiang xi, nan chang, xin jian
jiang xi, nan chang, nan chang xian
jiang xi, nan chang, an yi
jiang xi, nan chang, jin xian
jiang xi, jiu jiang, cheng qu
jiang xi, jiu jiang, rui chang
jiang xi, jiu jiang, lu shan
jiang xi, jiu jiang, wu ning
jiang xi, jiu jiang, de an
jiang xi, jiu jiang, yong xiu
jiang xi, jiu jiang, hu kou
jiang xi, jiu jiang, peng ze
jiang xi, jiu jiang, dou chang
jiang xi, jiu jiang, xiu shui
jiang xi, jiu jiang, lian xi
jiang xi, shang rao, cheng qu
jiang xi, shang rao, po yang
jiang xi, shang rao, wu yuan
jiang xi, shang rao, yu gan
jiang xi, shang rao, wan nian
jiang xi, shang rao, de xing
jiang xi, shang rao, shang rao xian
jiang xi, shang rao, yi yang
jiang xi, shang rao, heng feng
jiang xi, shang rao, yan shan
jiang xi, shang rao, yu shan
jiang xi, shang rao, guang feng
jiang xi, fu zhou, cheng qu
jiang xi, fu zhou, guang chang
jiang xi, fu zhou, le an
jiang xi, fu zhou, chong ren
jiang xi, fu zhou, jin xi
jiang xi, fu zhou, zi xi
jiang xi, fu zhou, yi huang
jiang xi, fu zhou, nan cheng
jiang xi, fu zhou, nan feng
jiang xi, fu zhou, li chuan
jiang xi, fu zhou, dong xiang
jiang xi, yi chun, cheng qu
jiang xi, yi chun, tong gu
jiang xi, yi chun, yi feng
jiang xi, yi chun, wan zai
jiang xi, yi chun, shang gao
jiang xi, yi chun, jing an
jiang xi, yi chun, feng xin
jiang xi, yi chun, gao an
jiang xi, yi chun, zhang shu
jiang xi, yi chun, feng cheng
jiang xi, ji an, cheng qu
jiang xi, ji an, ji an xian
jiang xi, ji an, ji shui
jiang xi, ji an, xin gan
jiang xi, ji an, xia jiang
jiang xi, ji an, yong feng
jiang xi, ji an, yong xin
jiang xi, ji an, jing gang shan
jiang xi, ji an, wan an
jiang xi, ji an, sui chuan
jiang xi, ji an, tai he
jiang xi, ji an, an fu
jiang xi, gan zhou, cheng qu
jiang xi, gan zhou, chong yi
jiang xi, gan zhou, shang you
jiang xi, gan zhou, nan kang
jiang xi, gan zhou, da yu
jiang xi, gan zhou, xin feng
jiang xi, gan zhou, ning dou
jiang xi, gan zhou, shi cheng
jiang xi, gan zhou, rui jin
jiang xi, gan zhou, yu dou
jiang xi, gan zhou, hui chang
jiang xi, gan zhou, an yuan
jiang xi, gan zhou, quan nan
jiang xi, gan zhou, long nan
jiang xi, gan zhou, ding nan
jiang xi, gan zhou, xun wu
jiang xi, gan zhou, xing guo
jiang xi, gan zhou, gan xian
jiang xi, jing de zhen, cheng qu
jiang xi, jing de zhen, le ping
jiang xi, jing de zhen, fu liang
jiang xi, ping xiang, cheng qu
jiang xi, ping xiang, lian hua
jiang xi, ping xiang, shang li
jiang xi, ping xiang, an yuan
jiang xi, ping xiang, lu xi
jiang xi, ping xiang, xiang dong
jiang xi, xin yu, cheng qu
jiang xi, xin yu, fen yi
jiang xi, ying tan, cheng qu
jiang xi, ying tan, yu jiang
jiang xi, ying tan, gui xi
liao ning, shen yang, cheng qu
liao ning, shen yang, liao zhong
liao ning, shen yang, kang ping
liao ning, shen yang, fa ku
liao ning, shen yang, xin min
liao ning, da lian, cheng qu
liao ning, da lian, wa fang dian
liao ning, da lian, jin zhou
liao ning, da lian, pu lan dian
liao ning, da lian, lv shun
liao ning, da lian, zhang hai
liao ning, da lian, zhuang he
liao ning, an shan, cheng qu
liao ning, an shan, tai an
liao ning, an shan, xiu yan
liao ning, an shan, hai cheng
liao ning, fu shun, cheng qu
liao ning, fu shun, xin bin
liao ning, fu shun, qing yuan
liao ning, ben xi, cheng qu
liao ning, ben xi, ben xi xian
liao ning, ben xi, huan ren
liao ning, dan dong, cheng qu
liao ning, dan dong, feng cheng
liao ning, dan dong, kuan dian
liao ning, dan dong, dong gang
liao ning, jin zhou, cheng qu
liao ning, jin zhou, ling hai
liao ning, jin zhou, yi xian
liao ning, jin zhou, hei shan
liao ning, jin zhou, bei zhen
liao ning, ying kou, cheng qu
liao ning, ying kou, da shi qiao
liao ning, ying kou, gai zhou
liao ning, fu xin, cheng qu
liao ning, fu xin, zhang wu
liao ning, liao yang, cheng qu
liao ning, liao yang, liao yang xian
liao ning, liao yang, deng ta
liao ning, liao yang, gong zhang ling
liao ning, tie ling, cheng qu
liao ning, tie ling, kai yuan
liao ning, tie ling, chang tu
liao ning, tie ling, xi feng
liao ning, tie ling, diao bing shan
liao ning, zhao yang, cheng qu
liao ning, zhao yang, ling yuan
liao ning, zhao yang, ka zuo
liao ning, zhao yang, bei piao
liao ning, zhao yang, jian ping xian
liao ning, pan jin, cheng qu
liao ning, pan jin, da wa
liao ning, pan jin, pan shan
liao ning, hu lu dao, cheng qu
liao ning, hu lu dao, jian chang
liao ning, hu lu dao, sui zhong
liao ning, hu lu dao, xing cheng
ma lai xi ya, ji long po
ma lai xi ya, ji long po
ma lai xi ya, gu jin
ma lai xi ya, gu da
ma lai xi ya, dou hu
ma lai xi ya, ji long po guo ji ji chang
ma lai xi ya, dan ma lu
ma lai xi ya, guan dan
ma lai xi ya, feng sheng gang
ma lai xi ya, ba te wo si
ma lai xi ya, ge da ba lu
ma lai xi ya, gua la ji lai
ma lai xi ya, gua la deng jia lou
ma lai xi ya, ba da ling
mei guo, luo shan ji
mei guo, bo shi dun
mei guo, zhi jia ge
mei guo, niu yue
mei guo, la si wei jia si
mei guo, hua sheng dun
mei guo, jiu jin shan
nei meng gu, hu he hao te, cheng qu
nei meng gu, hu he hao te, tu zuo qi
nei meng gu, hu he hao te, tuo xian
nei meng gu, hu he hao te, he lin
nei meng gu, hu he hao te, qing shui he
nei meng gu, hu he hao te, sai han
nei meng gu, hu he hao te, wu chuan
nei meng gu, bao tou, cheng qu
nei meng gu, bao tou, bai yun e bo
nei meng gu, bao tou, tu you qi
nei meng gu, bao tou, gu yang
nei meng gu, bao tou, da mao qi
nei meng gu, wu hai, cheng qu
nei meng gu, wu lan cha bu, ji ning
nei meng gu, wu lan cha bu, zhuo zi
nei meng gu, wu lan cha bu, hua de
nei meng gu, wu lan cha bu, shang dou
nei meng gu, wu lan cha bu, cheng qu
nei meng gu, wu lan cha bu, xing he
nei meng gu, wu lan cha bu, liang cheng
nei meng gu, wu lan cha bu, cha you qian qi
nei meng gu, wu lan cha bu, cha you zhong qi
nei meng gu, wu lan cha bu, cha you hou qi
nei meng gu, wu lan cha bu, si zi wang qi
nei meng gu, wu lan cha bu, feng zhen
nei meng gu, tong liao, cheng qu
nei meng gu, tong liao, ke zuo zhong qi
nei meng gu, tong liao, ke zuo hou qi
nei meng gu, tong liao, kai lu
nei meng gu, tong liao, ku lun
nei meng gu, tong liao, nai man
nei meng gu, tong liao, zha lu te
nei meng gu, chi feng, cheng qu
nei meng gu, chi feng, a lu qi
nei meng gu, chi feng, ba lin zuo qi
nei meng gu, chi feng, ba lin you qi
nei meng gu, chi feng, lin xi
nei meng gu, chi feng, ke shen ke teng
nei meng gu, chi feng, weng niu te
nei meng gu, chi feng, ka la qin
nei meng gu, chi feng, ning cheng
nei meng gu, chi feng, ao han
nei meng gu, e er duo si, cheng qu
nei meng gu, e er duo si, da la te
nei meng gu, e er duo si, zhun ge er
nei meng gu, e er duo si, e qian qi
nei meng gu, e er duo si, e tuo ke
nei meng gu, e er duo si, hang jin qi
nei meng gu, e er duo si, wu shen qi
nei meng gu, e er duo si, yi jin huo luo
nei meng gu, e er duo si, dong sheng
nei meng gu, ba yan nao er, lin he
nei meng gu, ba yan nao er, wu yuan
nei meng gu, ba yan nao er, deng kou
nei meng gu, ba yan nao er, wu qian qi
nei meng gu, ba yan nao er, wu zhong qi
nei meng gu, ba yan nao er, wu hou qi
nei meng gu, ba yan nao er, hang jin hou qi
nei meng gu, xi lin guo lei, xi lin hao te
nei meng gu, xi lin guo lei, er lian hao te
nei meng gu, xi lin guo lei, a ba ga
nei meng gu, xi lin guo lei, su zuo qi
nei meng gu, xi lin guo lei, su you qi
nei meng gu, xi lin guo lei, dong wu qi
nei meng gu, xi lin guo lei, xi wu qi
nei meng gu, xi lin guo lei, tai pu si
nei meng gu, xi lin guo lei, xiang huang qi
nei meng gu, xi lin guo lei, zheng xiang bai qi
nei meng gu, xi lin guo lei, zheng lan qi
nei meng gu, xi lin guo lei, duo lun
nei meng gu, hu lun bei er, hai la er
nei meng gu, hu lun bei er, a rong qi
nei meng gu, hu lun bei er, mo li da wa
nei meng gu, hu lun bei er, e lun chun qi
nei meng gu, hu lun bei er, e wen ke qi
nei meng gu, hu lun bei er, chen qi
nei meng gu, hu lun bei er, xin zuo qi
nei meng gu, hu lun bei er, xin you qi
nei meng gu, hu lun bei er, man zhou li
nei meng gu, hu lun bei er, ya ke shi
nei meng gu, hu lun bei er, zha lan tun
nei meng gu, hu lun bei er, e er gu na
nei meng gu, hu lun bei er, gen he
nei meng gu, xing an meng, wu lan hao te
nei meng gu, xing an meng, a er shan
nei meng gu, xing an meng, ke you zhong qi
nei meng gu, xing an meng, zha lai te
nei meng gu, xing an meng, tu quan
nei meng gu, xing an meng, ke you qian qi
nei meng gu, a la shan meng, a zuo qi
nei meng gu, a la shan meng, a you qi
nei meng gu, a la shan meng, e ji na
ning xia, yin chuan, cheng qu
ning xia, yin chuan, yong ning
ning xia, yin chuan, ling wu
ning xia, yin chuan, he lan
ning xia, shi zui shan, cheng qu
ning xia, shi zui shan, hui nong
ning xia, shi zui shan, ping luo
ning xia, wu zhong, cheng qu
ning xia, wu zhong, tong xin
ning xia, wu zhong, yan chi
ning xia, wu zhong, qing tong xia
ning xia, gu yuan, cheng qu
ning xia, gu yuan, xi ji
ning xia, gu yuan, long de
ning xia, gu yuan, jing yuan
ning xia, gu yuan, peng yang
ning xia, zhong wei, cheng qu
ning xia, zhong wei, zhong ning
ning xia, zhong wei, hai yuan
qing hai, xi ning, cheng qu
qing hai, xi ning, da tong
qing hai, xi ning, huang yuan
qing hai, xi ning, huang zhong
qing hai, hai dong, ping an
qing hai, hai dong, le dou
qing hai, hai dong, min he
qing hai, hai dong, hu zhu
qing hai, hai dong, hua long
qing hai, hai dong, xun hua
qing hai, huang nan, tong ren
qing hai, huang nan, jian zha
qing hai, huang nan, ze ku
qing hai, huang nan, he nan
qing hai, hai nan, gong he
qing hai, hai nan, gui de
qing hai, hai nan, xing hai
qing hai, hai nan, gui nan
qing hai, hai nan, tong de
qing hai, guo luo, ma qin
qing hai, guo luo, ban ma
qing hai, guo luo, gan de
qing hai, guo luo, da ri
qing hai, guo luo, jiu zhi
qing hai, guo luo, ma duo
qing hai, yu shu, cheng qu
qing hai, yu shu, cheng duo
qing hai, yu shu, zhi duo
qing hai, yu shu, za duo
qing hai, yu shu, nang qian
qing hai, yu shu, qu ma lai
qing hai, hai xi, de ling ha
qing hai, hai xi, tian jun
qing hai, hai xi, wu lan
qing hai, hai xi, mang ya
qing hai, hai xi, da chai dan
qing hai, hai xi, leng hu
qing hai, hai bei, hai yan
qing hai, hai bei, men yuan
qing hai, hai bei, qi lian
qing hai, hai bei, gang cha
ri ben, dong jing
ri ben, jing du
ri ben, da ban
shan dong, ji nan, cheng qu
shan dong, ji nan, zhang qing
shan dong, ji nan, shang he
shan dong, ji nan, zhang qiu
shan dong, ji nan, ping yin
shan dong, ji nan, ji yang
shan dong, ji nan, li xia
shan dong, qing dao, cheng qu
shan dong, qing dao, lao shan
shan dong, qing dao, ji mo
shan dong, qing dao, jiao zhou
shan dong, qing dao, huang dao
shan dong, qing dao, lai xi
shan dong, qing dao, ping du
shan dong, zi bo, cheng qu
shan dong, zi bo, zi chuan
shan dong, zi bo, bo shan
shan dong, zi bo, gao qing
shan dong, zi bo, zhou cun
shan dong, zi bo, yi yuan
shan dong, zi bo, huan tai
shan dong, zi bo, lin zi
shan dong, de zhou, cheng qu
shan dong, de zhou, wu cheng
shan dong, de zhou, lin yi
shan dong, de zhou, qi he
shan dong, de zhou, le ling
shan dong, de zhou, qing yun
shan dong, de zhou, ping yuan
shan dong, de zhou, ning jin
shan dong, de zhou, xia jin
shan dong, de zhou, yu cheng
shan dong, yan tai, cheng qu
shan dong, yan tai, lai zhou
shan dong, yan tai, zhang dao
shan dong, yan tai, peng lai
shan dong, yan tai, long kou
shan dong, yan tai, zhao yuan
shan dong, yan tai, qi xia
shan dong, yan tai, fu shan
shan dong, yan tai, mu ping
shan dong, yan tai, lai yang
shan dong, yan tai, hai yang
shan dong, wei fang, cheng qu
shan dong, wei fang, qing zhou
shan dong, wei fang, shou guang
shan dong, wei fang, lin qu
shan dong, wei fang, chang le
shan dong, wei fang, chang yi
shan dong, wei fang, an qiu
shan dong, wei fang, gao mi
shan dong, wei fang, zhu cheng
shan dong, ji ning, cheng qu
shan dong, ji ning, jia xiang
shan dong, ji ning, wei shan
shan dong, ji ning, yu tai
shan dong, ji ning, yan zhou
shan dong, ji ning, jin xiang
shan dong, ji ning, wen shang
shan dong, ji ning, si shui
shan dong, ji ning, liang shan
shan dong, ji ning, qu fu
shan dong, ji ning, zou cheng
shan dong, tai an, cheng qu
shan dong, tai an, xin tai
shan dong, tai an, fei cheng
shan dong, tai an, dong ping
shan dong, tai an, ning yang
shan dong, lin yi, cheng qu
shan dong, lin yi, ju nan
shan dong, lin yi, yi nan
shan dong, lin yi, lan ling
shan dong, lin yi, lin shu
shan dong, lin yi, tan cheng
shan dong, lin yi, meng yin
shan dong, lin yi, ping yi
shan dong, lin yi, fei xian
shan dong, lin yi, yi shui
shan dong, he ze, cheng qu
shan dong, he ze, juan cheng
shan dong, he ze, yun cheng
shan dong, he ze, dong ming
shan dong, he ze, ding tao
shan dong, he ze, ju ye
shan dong, he ze, cao xian
shan dong, he ze, cheng wu
shan dong, he ze, dan xian
shan dong, bin zhou, cheng qu
shan dong, bin zhou, bo xing
shan dong, bin zhou, wu di
shan dong, bin zhou, yang xin
shan dong, bin zhou, hui min
shan dong, bin zhou, zhan hua
shan dong, bin zhou, zou ping
shan dong, dong ying, cheng qu
shan dong, dong ying, he kou
shan dong, dong ying, ken li
shan dong, dong ying, li jin
shan dong, dong ying, guang rao
shan dong, wei hai, cheng qu
shan dong, wei hai, wen deng
shan dong, wei hai, rong cheng
shan dong, wei hai, ru shan
shan dong, zao zhuang, cheng qu
shan dong, zao zhuang, xue cheng
shan dong, zao zhuang, yi cheng
shan dong, zao zhuang, tai er zhuang
shan dong, zao zhuang, teng zhou
shan dong, ri zhao, cheng qu
shan dong, ri zhao, wu lian
shan dong, ri zhao, ju xian
shan dong, lai wu, cheng qu
shan dong, liao cheng, cheng qu
shan dong, liao cheng, guan xian
shan dong, liao cheng, yang gu
shan dong, liao cheng, gao tang
shan dong, liao cheng, chi ping
shan dong, liao cheng, dong e
shan dong, liao cheng, lin qing
shan dong, liao cheng, shen xian
shan xi, tai yuan, cheng qu
shan xi, tai yuan, qing xu
shan xi, tai yuan, yang qu
shan xi, tai yuan, lou fan
shan xi, tai yuan, gu jiao
shan xi, tai yuan, jian cao ping qu
shan xi, tai yuan, xiao dian qu
shan xi, da tong, cheng qu
shan xi, da tong, yang gao
shan xi, da tong, da tong xian
shan xi, da tong, tian zhen
shan xi, da tong, guang ling
shan xi, da tong, ling qiu
shan xi, da tong, hun yuan
shan xi, da tong, zuo yun
shan xi, yang quan, cheng qu
shan xi, yang quan, yu xian
shan xi, yang quan, ping ding
shan xi, jin zhong, cheng qu
shan xi, jin zhong, yu ci
shan xi, jin zhong, yu she
shan xi, jin zhong, zuo quan
shan xi, jin zhong, he shun
shan xi, jin zhong, xi yang
shan xi, jin zhong, shou yang
shan xi, jin zhong, tai gu
shan xi, jin zhong, qi xian
shan xi, jin zhong, ping yao
shan xi, jin zhong, ling shi
shan xi, jin zhong, jie xiu
shan xi, zhang zhi, cheng qu
shan xi, zhang zhi, li cheng
shan xi, zhang zhi, tun liu
shan xi, zhang zhi, lu cheng
shan xi, zhang zhi, xiang yuan
shan xi, zhang zhi, ping shun
shan xi, zhang zhi, wu xiang
shan xi, zhang zhi, qin xian
shan xi, zhang zhi, zhang zi
shan xi, zhang zhi, qin yuan
shan xi, zhang zhi, hu guan
shan xi, jin cheng, cheng qu
shan xi, jin cheng, qin shui
shan xi, jin cheng, yang cheng
shan xi, jin cheng, ling chuan
shan xi, jin cheng, gao ping
shan xi, jin cheng, ze zhou
shan xi, lin fen, cheng qu
shan xi, lin fen, qu wo
shan xi, lin fen, yong he
shan xi, lin fen, xi xian
shan xi, lin fen, da ning
shan xi, lin fen, ji xian
shan xi, lin fen, xiang fen
shan xi, lin fen, pu xian
shan xi, lin fen, fen xi
shan xi, lin fen, hong dong
shan xi, lin fen, huo zhou
shan xi, lin fen, xiang ning
shan xi, lin fen, yi cheng
shan xi, lin fen, hou ma
shan xi, lin fen, fu shan
shan xi, lin fen, an ze
shan xi, lin fen, gu xian
shan xi, yun cheng, cheng qu
shan xi, yun cheng, lin yi
shan xi, yun cheng, ji shan
shan xi, yun cheng, wan rong
shan xi, yun cheng, he jin
shan xi, yun cheng, xin jiang
shan xi, yun cheng, jiang xian
shan xi, yun cheng, wen xi
shan xi, yun cheng, yuan qu
shan xi, yun cheng, yong ji
shan xi, yun cheng, rui cheng
shan xi, yun cheng, xia xian
shan xi, yun cheng, ping lu
shan xi, shuo zhou, cheng qu
shan xi, shuo zhou, ping lu
shan xi, shuo zhou, shan yin
shan xi, shuo zhou, you yu
shan xi, shuo zhou, ying xian
shan xi, shuo zhou, huai ren
shan xi, xin zhou, cheng qu
shan xi, xin zhou, ding xiang
shan xi, xin zhou, wu tai xian
shan xi, xin zhou, he qu
shan xi, xin zhou, pian guan
shan xi, xin zhou, shen chi
shan xi, xin zhou, ning wu
shan xi, xin zhou, dai xian
shan xi, xin zhou, fan zhi
shan xi, xin zhou, bao de
shan xi, xin zhou, jing le
shan xi, xin zhou, ke lan
shan xi, xin zhou, wu zhai
shan xi, xin zhou, yuan ping
shan xi, lv liang, cheng qu
shan xi, lv liang, li shi
shan xi, lv liang, lin xian
shan xi, lv liang, xing xian
shan xi, lv liang, lan xian
shan xi, lv liang, liu lin
shan xi, lv liang, shi lou
shan xi, lv liang, fang shan
shan xi, lv liang, jiao kou
shan xi, lv liang, zhong yang
shan xi, lv liang, xiao yi
shan xi, lv liang, fen yang
shan xi, lv liang, wen shui
shan xi, lv liang, jiao cheng
shan xi, xi an, cheng qu
shan xi, xi an, chang an
shan xi, xi an, lin tong
shan xi, xi an, lan tian
shan xi, xi an, zhou zhi
shan xi, xi an, hu xian
shan xi, xi an, gao ling
shan xi, xian yang, cheng qu
shan xi, xian yang, san yuan
shan xi, xian yang, li quan
shan xi, xian yang, yong shou
shan xi, xian yang, chun hua
shan xi, xian yang, jing yang
shan xi, xian yang, wu gong
shan xi, xian yang, qian xian
shan xi, xian yang, bin xian
shan xi, xian yang, zhang wu
shan xi, xian yang, xun yi
shan xi, xian yang, xing ping
shan xi, yan an, cheng qu
shan xi, yan an, yan chang
shan xi, yan an, yan chuan
shan xi, yan an, zi zhang
shan xi, yan an, yi chuan
shan xi, yan an, fu xian
shan xi, yan an, zhi dan
shan xi, yan an, an sai
shan xi, yan an, gan quan
shan xi, yan an, luo chuan
shan xi, yan an, huang ling
shan xi, yan an, huang long
shan xi, yan an, wu qi
shan xi, yu lin, cheng qu
shan xi, yu lin, fu gu
shan xi, yu lin, shen mu
shan xi, yu lin, jia xian
shan xi, yu lin, ding bian
shan xi, yu lin, jing bian
shan xi, yu lin, heng shan
shan xi, yu lin, mi zhi
shan xi, yu lin, zi zhou
shan xi, yu lin, sui de
shan xi, yu lin, wu bu
shan xi, yu lin, qing jian
shan xi, yu lin, yu yang
shan xi, wei nan, cheng qu
shan xi, wei nan, tong guan
shan xi, wei nan, da li
shan xi, wei nan, bai shui
shan xi, wei nan, fu ping
shan xi, wei nan, pu cheng
shan xi, wei nan, cheng cheng
shan xi, wei nan, he yang
shan xi, wei nan, han cheng
shan xi, wei nan, hua yin
shan xi, wei nan, hua zhou
shan xi, shang luo, cheng qu
shan xi, shang luo, luo nan
shan xi, shang luo, zha shui
shan xi, shang luo, shang zhou
shan xi, shang luo, zhen an
shan xi, shang luo, dan feng
shan xi, shang luo, shang nan
shan xi, shang luo, shan yang
shan xi, an kang, cheng qu
shan xi, an kang, zi yang
shan xi, an kang, shi quan
shan xi, an kang, han yin
shan xi, an kang, xun yang
shan xi, an kang, lan gao
shan xi, an kang, ping li
shan xi, an kang, bai he
shan xi, an kang, zhen ping
shan xi, an kang, ning shan
shan xi, han zhong, cheng qu
shan xi, han zhong, lve yang
shan xi, han zhong, mian xian
shan xi, han zhong, liu ba
shan xi, han zhong, yang xian
shan xi, han zhong, cheng gu
shan xi, han zhong, xi xiang
shan xi, han zhong, fu ping
shan xi, han zhong, ning qiang
shan xi, han zhong, nan zheng
shan xi, han zhong, zhen ba
shan xi, bao ji, cheng qu
shan xi, bao ji, qian yang
shan xi, bao ji, lin you
shan xi, bao ji, qi shan
shan xi, bao ji, feng xiang
shan xi, bao ji, fu feng
shan xi, bao ji, mei xian
shan xi, bao ji, tai bai
shan xi, bao ji, feng xian
shan xi, bao ji, long xian
shan xi, bao ji, chen cang
shan xi, tong chuan, cheng qu
shan xi, tong chuan, yi jun
shan xi, tong chuan, yao zhou
shan xi, yang ling, cheng qu
shang hai, cheng qu
shang hai, min xing
shang hai, bao shan
shang hai, jia ding
shang hai, pu dong xin qu
shang hai, jin shan
shang hai, qing pu
shang hai, song jiang
shang hai, feng xian
shang hai, chong ming
shang hai, xu hui
si chuan, cheng du, cheng qu
si chuan, cheng du, long quan yi
si chuan, cheng du, xin dou
si chuan, cheng du, wen jiang
si chuan, cheng du, jin tang
si chuan, cheng du, shuang liu
si chuan, cheng du, pi xian
si chuan, cheng du, da yi
si chuan, cheng du, pu jiang
si chuan, cheng du, xin jin
si chuan, cheng du, du jiang yan
si chuan, cheng du, peng zhou
si chuan, cheng du, qiong lai
si chuan, cheng du, chong zhou
si chuan, cheng du, qing bai jiang
si chuan, cheng du, jian yang
si chuan, pan zhi hua, cheng qu
si chuan, pan zhi hua, ren he
si chuan, pan zhi hua, mi yi
si chuan, pan zhi hua, yan bian
si chuan, zi gong, cheng qu
si chuan, zi gong, fu shun
si chuan, zi gong, rong xian
si chuan, mian yang, cheng qu
si chuan, mian yang, san tai
si chuan, mian yang, yan ting
si chuan, mian yang, zi tong
si chuan, mian yang, bei chuan
si chuan, mian yang, ping wu
si chuan, mian yang, jiang you
si chuan, mian yang, an zhou
si chuan, nan chong, cheng qu
si chuan, nan chong, nan bu
si chuan, nan chong, ying shan
si chuan, nan chong, peng an
si chuan, nan chong, yi long
si chuan, nan chong, xi chong
si chuan, nan chong, lang zhong
si chuan, da zhou, cheng qu
si chuan, da zhou, xuan han
si chuan, da zhou, kai jiang
si chuan, da zhou, da zhu
si chuan, da zhou, qu xian
si chuan, da zhou, wan yuan
si chuan, da zhou, tong chuan
si chuan, da zhou, da chuan
si chuan, sui ning, cheng qu
si chuan, sui ning, peng xi
si chuan, sui ning, she hong
si chuan, guang an, cheng qu
si chuan, guang an, yue chi
si chuan, guang an, wu sheng
si chuan, guang an, lin shui
si chuan, guang an, hua ying
si chuan, ba zhong, cheng qu
si chuan, ba zhong, tong jiang
si chuan, ba zhong, nan jiang
si chuan, ba zhong, ping chang
si chuan, lu zhou, cheng qu
si chuan, lu zhou, lu xian
si chuan, lu zhou, he jiang
si chuan, lu zhou, xu yong
si chuan, lu zhou, gu lin
si chuan, lu zhou, na xi
si chuan, yi bin, cheng qu
si chuan, yi bin, yi bin xian
si chuan, yi bin, nan xi
si chuan, yi bin, jiang an
si chuan, yi bin, zhang ning
si chuan, yi bin, gao xian
si chuan, yi bin, gong xian
si chuan, yi bin, yun lian
si chuan, yi bin, xing wen
si chuan, yi bin, ping shan
si chuan, nei jiang, cheng qu
si chuan, nei jiang, dong xing
si chuan, nei jiang, wei yuan
si chuan, nei jiang, zi zhong
si chuan, nei jiang, long chang
si chuan, zi yang, cheng qu
si chuan, zi yang, an yue
si chuan, zi yang, le zhi
si chuan, le shan, cheng qu
si chuan, le shan, qian wei
si chuan, le shan, jing yan
si chuan, le shan, jia jiang
si chuan, le shan, mu chuan
si chuan, le shan, e bian
si chuan, le shan, ma bian
si chuan, le shan, e mei shan
si chuan, mei shan, cheng qu
si chuan, mei shan, ren shou
si chuan, mei shan, peng shan
si chuan, mei shan, hong ya
si chuan, mei shan, dan leng
si chuan, mei shan, qing shen
si chuan, liang shan, cheng qu
si chuan, liang shan, mu li
si chuan, liang shan, yan yuan
si chuan, liang shan, de chang
si chuan, liang shan, hui li
si chuan, liang shan, hui dong
si chuan, liang shan, ning nan
si chuan, liang shan, pu ge
si chuan, liang shan, xi chang
si chuan, liang shan, jin yang
si chuan, liang shan, zhao jue
si chuan, liang shan, xi de
si chuan, liang shan, mian ning
si chuan, liang shan, yue xi
si chuan, liang shan, gan luo
si chuan, liang shan, lei bo
si chuan, liang shan, mei gu
si chuan, liang shan, bu tuo
si chuan, ya an, cheng qu
si chuan, ya an, ming shan
si chuan, ya an, xing jing
si chuan, ya an, han yuan
si chuan, ya an, shi mian
si chuan, ya an, tian quan
si chuan, ya an, lu shan
si chuan, ya an, bao xing
si chuan, gan zi, cheng qu
si chuan, gan zi, kang ding
si chuan, gan zi, lu ding
si chuan, gan zi, dan ba
si chuan, gan zi, jiu long
si chuan, gan zi, ya jiang
si chuan, gan zi, dao fu
si chuan, gan zi, lu huo
si chuan, gan zi, xin long
si chuan, gan zi, de ge
si chuan, gan zi, bai yu
si chuan, gan zi, shi qu
si chuan, gan zi, se da
si chuan, gan zi, li tang
si chuan, gan zi, ba tang
si chuan, gan zi, xiang cheng
si chuan, gan zi, dao cheng
si chuan, gan zi, de rong
si chuan, a ba, cheng qu
si chuan, a ba, wen chuan
si chuan, a ba, li xian
si chuan, a ba, mao xian
si chuan, a ba, song pan
si chuan, a ba, jiu zhai gou
si chuan, a ba, jin chuan
si chuan, a ba, xiao jin
si chuan, a ba, hei shui
si chuan, a ba, ma er kang
si chuan, a ba, rang tang
si chuan, a ba, ruo er gai
si chuan, a ba, hong yuan
si chuan, de yang, cheng qu
si chuan, de yang, zhong jiang
si chuan, de yang, guang han
si chuan, de yang, shen fang
si chuan, de yang, mian zhu
si chuan, de yang, luo jiang
si chuan, guang yuan, cheng qu
si chuan, guang yuan, wang cang
si chuan, guang yuan, qing chuan
si chuan, guang yuan, jian ge
si chuan, guang yuan, cang xi
tai wan, tai bei, cheng qu
tai wan, tai bei, tao yuan
tai wan, tai bei, xin zhu
tai wan, tai bei, yi lan
tai wan, gao xiong, cheng qu
tai wan, gao xiong, jia yi
tai wan, gao xiong, tai nan
tai wan, gao xiong, tai dong
tai wan, gao xiong, ping dong
tai wan, tai zhong, cheng qu
tai wan, tai zhong, miao li
tai wan, tai zhong, zhang hua
tai wan, tai zhong, nan tou
tai wan, tai zhong, hua lian
tai wan, tai zhong, yun lin
tai guo, man gu
tai guo, bo ta lun nong ye qi xiang zu
tai guo, bei da nian
tai guo, cheng yi
tai guo, bi cha wen
tai guo, cai na nong ye qi xiang zu
tai guo, cai ye ben
tai guo, ba zhen wu li
tai guo, bei chong nong ye qi xiang zu
tai guo, bei bi fu
tai guo, bang na nong ye qi xiang zu
tai guo, bei liu nong ye qi xiang zu
tai guo, ba ti ya
tai guo, chun peng
te li ni da he duo ba ge, xi ban ya gang
te li ni da he duo ba ge, pi ya ke guo ji ji chang
tian jin, cheng qu
tian jin, wu qing
tian jin, bao di
tian jin, dong li
tian jin, xi qing
tian jin, bei chen
tian jin, ning he
tian jin, jing hai
tian jin, jin nan
tian jin, bin hai xin qu
tian jin, ji xian
xi ban ya, ba sai luo na
xi ban ya, ao wei ye duo
xi ban ya, a er ba sai te
xi ban ya, a er mei li ya
xi ban ya, a li kan te
xi ban ya, ba li ya duo li de
xi ban ya, ao lun sai
xi ban ya, a wei la
xi ban ya, gua da la ha la
xi ban ya, ba lun xi ya
xi ban ya, a er ma ge luo
xi ban ya, a li kan te
xi ban ya, ha en
xi zang, la sa, cheng qu
xi zang, la sa, dang xiong
xi zang, la sa, ni mu
xi zang, la sa, lin zhou
xi zang, la sa, dui long de qing
xi zang, la sa, qu shui
xi zang, la sa, da zi
xi zang, la sa, mo zhu gong ka
xi zang, ri ka ze, cheng qu
xi zang, ri ka ze, la zi
xi zang, ri ka ze, nan mu lin
xi zang, ri ka ze, nie la mu
xi zang, ri ka ze, ding ri
xi zang, ri ka ze, jiang zi
xi zang, ri ka ze, pa li
xi zang, ri ka ze, zhong ba
xi zang, ri ka ze, sa ga
xi zang, ri ka ze, ji long
xi zang, ri ka ze, ang ren
xi zang, ri ka ze, ding jie
xi zang, ri ka ze, sa jia
xi zang, ri ka ze, xie tong men
xi zang, ri ka ze, gang ba
xi zang, ri ka ze, bai lang
xi zang, ri ka ze, ya dong
xi zang, ri ka ze, kang ma
xi zang, ri ka ze, ren bu
xi zang, shan nan, cheng qu
xi zang, shan nan, gong ga
xi zang, shan nan, zha nang
xi zang, shan nan, jia cha
xi zang, shan nan, lang qia zi
xi zang, shan nan, cuo na
xi zang, shan nan, long zi
xi zang, shan nan, nai dong
xi zang, shan nan, sang ri
xi zang, shan nan, luo zha
xi zang, shan nan, cuo mei
xi zang, shan nan, qiong jie
xi zang, shan nan, qu song
xi zang, lin zhi, cheng qu
xi zang, lin zhi, bo mi
xi zang, lin zhi, mi lin
xi zang, lin zhi, cha yu
xi zang, lin zhi, gong bu jiang da
xi zang, lin zhi, lang xian
xi zang, lin zhi, mo tuo
xi zang, chang dou, cheng qu
xi zang, chang dou, ding qing
xi zang, chang dou, bian ba
xi zang, chang dou, luo long
xi zang, chang dou, zuo gong
xi zang, chang dou, mang kang
xi zang, chang dou, lei wu qi
xi zang, chang dou, ba su
xi zang, chang dou, jiang da
xi zang, chang dou, cha ya
xi zang, chang dou, gong jue
xi zang, na qu, cheng qu
xi zang, na qu, ni ma
xi zang, na qu, jia li
xi zang, na qu, ban ge
xi zang, na qu, an duo
xi zang, na qu, suo xian
xi zang, na qu, nie rong
xi zang, na qu, ba qing
xi zang, na qu, bi ru
xi zang, na qu, shuang hu
xi zang, a li, cheng qu
xi zang, a li, gai ze
xi zang, a li, pu lan
xi zang, a li, zha da
xi zang, a li, ga er
xi zang, a li, ri tu
xi zang, a li, ge ji
xi zang, a li, cuo qin
xiang gang, cheng qu
xiang gang, jiu long
xiang gang, xin jie
xin jia po, xin jia po
xin jiang, wu lu mu qi, cheng qu
xin jiang, wu lu mu qi, da ban cheng
xin jiang, ke la ma yi, cheng qu
xin jiang, ke la ma yi, wu er he
xin jiang, ke la ma yi, bai jian tan
xin jiang, shi he zi, cheng qu
xin jiang, chang ji, cheng qu
xin jiang, chang ji, hu tu bi
xin jiang, chang ji, fu kang
xin jiang, chang ji, ji mu sa er
xin jiang, chang ji, qi tai
xin jiang, chang ji, ma na si
xin jiang, chang ji, mu lei
xin jiang, tu lu fan, cheng qu
xin jiang, tu lu fan, tuo ke xun
xin jiang, tu lu fan, shan shan
xin jiang, ba yin guo leng, ku er lei
xin jiang, ba yin guo leng, lun tai
xin jiang, ba yin guo leng, yu li
xin jiang, ba yin guo leng, ruo qiang
xin jiang, ba yin guo leng, qie mo
xin jiang, ba yin guo leng, he jing
xin jiang, ba yin guo leng, yan qi
xin jiang, ba yin guo leng, he shuo
xin jiang, ba yin guo leng, bo hu
xin jiang, a la er, cheng qu
xin jiang, a ke su, cheng qu
xin jiang, a ke su, wu shen
xin jiang, a ke su, wen su
xin jiang, a ke su, bai cheng
xin jiang, a ke su, xin he
xin jiang, a ke su, sha ya
xin jiang, a ke su, ku che
xin jiang, a ke su, ke ping
xin jiang, a ke su, a wa ti
xin jiang, ka shi, cheng qu
xin jiang, ka shi, ying ji sha
xin jiang, ka shi, ta shen ku er gan
xin jiang, ka shi, mai gai ti
xin jiang, ka shi, sha che
xin jiang, ka shi, ye cheng
xin jiang, ka shi, ze pu
xin jiang, ka shi, ba chu
xin jiang, ka shi, yue pu hu
xin jiang, ka shi, ga shi
xin jiang, ka shi, shu fu
xin jiang, ka shi, shu le
xin jiang, yi li, yi ning
xin jiang, yi li, cha bu cha er
xin jiang, yi li, ni lei ke
xin jiang, yi li, yi ning xian
xin jiang, yi li, gong liu
xin jiang, yi li, xin yuan
xin jiang, yi li, zhao su
xin jiang, yi li, te ke si
xin jiang, yi li, huo cheng
xin jiang, yi li, huo er guo si
xin jiang, yi li, kui tun
xin jiang, ta cheng, cheng qu
xin jiang, ta cheng, yu min
xin jiang, ta cheng, e min
xin jiang, ta cheng, he bu ke sai er
xin jiang, ta cheng, tuo li
xin jiang, ta cheng, wu su
xin jiang, ta cheng, sha wan
xin jiang, ha mi, cheng qu
xin jiang, ha mi, ba li kun
xin jiang, ha mi, yi wu
xin jiang, he tian, cheng qu
xin jiang, he tian, pi shan
xin jiang, he tian, ce lei
xin jiang, he tian, mo yu
xin jiang, he tian, luo pu
xin jiang, he tian, min feng
xin jiang, he tian, yu tian
xin jiang, a lei tai, cheng qu
xin jiang, a lei tai, ha ba he
xin jiang, a lei tai, ji mu nai
xin jiang, a lei tai, bu er jin
xin jiang, a lei tai, fu hai
xin jiang, a lei tai, fu yun
xin jiang, a lei tai, qing he
xin jiang, ke zhou, a tu shen
xin jiang, ke zhou, wu qia
xin jiang, ke zhou, a ke tao
xin jiang, ke zhou, a he qi
xin jiang, bo er ta la, bo le
xin jiang, bo er ta la, wen quan
xin jiang, bo er ta la, jing he
xin jiang, bo er ta la, a la shan kou
ying guo, lun dun
yue nan, he nei
yue nan, xian gang
yun nan, kun ming, cheng qu
yun nan, kun ming, dong chuan
yun nan, kun ming, xun dian
yun nan, kun ming, jin ning
yun nan, kun ming, yi liang
yun nan, kun ming, shi lin
yun nan, kun ming, cheng gong
yun nan, kun ming, fu min
yun nan, kun ming, song ming
yun nan, kun ming, lu quan
yun nan, kun ming, an ning
yun nan, da li, cheng qu
yun nan, da li, yun long
yun nan, da li, yang bi
yun nan, da li, yong ping
yun nan, da li, bin chuan
yun nan, da li, mi du
yun nan, da li, xiang yun
yun nan, da li, wei shan
yun nan, da li, jian chuan
yun nan, da li, er yuan
yun nan, da li, he qing
yun nan, da li, nan jian
yun nan, hong he, cheng qu
yun nan, hong he, shi ping
yun nan, hong he, jian shui
yun nan, hong he, mi le
yun nan, hong he, yuan yang
yun nan, hong he, lv chun
yun nan, hong he, kai yuan
yun nan, hong he, ge jiu
yun nan, hong he, meng zi
yun nan, hong he, ping bian
yun nan, hong he, lu xi
yun nan, hong he, jin ping
yun nan, hong he, he kou
yun nan, qu jing, cheng qu
yun nan, qu jing, zhan yi
yun nan, qu jing, lu liang
yun nan, qu jing, fu yuan
yun nan, qu jing, ma long
yun nan, qu jing, shi zong
yun nan, qu jing, luo ping
yun nan, qu jing, hui ze
yun nan, qu jing, xuan wei
yun nan, bao shan, cheng qu
yun nan, bao shan, long ling
yun nan, bao shan, shi dian
yun nan, bao shan, chang ning
yun nan, bao shan, teng chong
yun nan, wen shan, cheng qu
yun nan, wen shan, xi chou
yun nan, wen shan, ma guan
yun nan, wen shan, ma li po
yun nan, wen shan, yan shan
yun nan, wen shan, qiu bei
yun nan, wen shan, guang nan
yun nan, wen shan, fu ning
yun nan, yu xi, cheng qu
yun nan, yu xi, cheng jiang
yun nan, yu xi, jiang chuan
yun nan, yu xi, tong hai
yun nan, yu xi, hua ning
yun nan, yu xi, xin ping
yun nan, yu xi, yi men
yun nan, yu xi, e shan
yun nan, yu xi, yuan jiang
yun nan, chu xiong, cheng qu
yun nan, chu xiong, da yao
yun nan, chu xiong, yuan mou
yun nan, chu xiong, yao an
yun nan, chu xiong, mou ding
yun nan, chu xiong, nan hua
yun nan, chu xiong, wu ding
yun nan, chu xiong, lu feng
yun nan, chu xiong, shuang bai
yun nan, chu xiong, yong ren
yun nan, pu er, cheng qu
yun nan, pu er, jing gu
yun nan, pu er, jing dong
yun nan, pu er, lan cang
yun nan, pu er, mo jiang
yun nan, pu er, jiang cheng
yun nan, pu er, meng lian
yun nan, pu er, xi meng
yun nan, pu er, zhen yuan
yun nan, pu er, ning er
yun nan, zhao tong, cheng qu
yun nan, zhao tong, lu dian
yun nan, zhao tong, yi liang
yun nan, zhao tong, zhen xiong
yun nan, zhao tong, wei xin
yun nan, zhao tong, qiao jia
yun nan, zhao tong, sui jiang
yun nan, zhao tong, yong shan
yun nan, zhao tong, yan jin
yun nan, zhao tong, da guan
yun nan, zhao tong, shui fu
yun nan, lin cang, cheng qu
yun nan, lin cang, cang yuan
yun nan, lin cang, geng ma
yun nan, lin cang, shuang jiang
yun nan, lin cang, feng qing
yun nan, lin cang, yong de
yun nan, lin cang, yun xian
yun nan, lin cang, zhen kang
yun nan, nu jiang, cheng qu
yun nan, nu jiang, fu gong
yun nan, nu jiang, lan ping
yun nan, nu jiang, lu shui
yun nan, nu jiang, gong shan
yun nan, di qing, xiang ge li la
yun nan, di qing, de qin
yun nan, di qing, wei xi
yun nan, li jiang, cheng qu
yun nan, li jiang, yong sheng
yun nan, li jiang, hua ping
yun nan, li jiang, ning lang
yun nan, de hong, cheng qu
yun nan, de hong, long chuan
yun nan, de hong, ying jiang
yun nan, de hong, rui li
yun nan, de hong, liang he
yun nan, de hong, mang shi
yun nan, xi shuang ban na, jing hong
yun nan, xi shuang ban na, meng hai
yun nan, xi shuang ban na, meng la
zhe jiang, hang zhou, cheng qu
zhe jiang, hang zhou, xiao shan
zhe jiang, hang zhou, tong lu
zhe jiang, hang zhou, chun an
zhe jiang, hang zhou, jian de
zhe jiang, hang zhou, yu hang
zhe jiang, hang zhou, lin an
zhe jiang, hang zhou, fu yang
zhe jiang, hu zhou, cheng qu
zhe jiang, hu zhou, chang xing
zhe jiang, hu zhou, an ji
zhe jiang, hu zhou, de qing
zhe jiang, jia xing, cheng qu
zhe jiang, jia xing, jia shan
zhe jiang, jia xing, hai ning
zhe jiang, jia xing, tong xiang
zhe jiang, jia xing, ping hu
zhe jiang, jia xing, hai yan
zhe jiang, ning bo, cheng qu
zhe jiang, ning bo, ci xi
zhe jiang, ning bo, yu yao
zhe jiang, ning bo, feng hua
zhe jiang, ning bo, xiang shan
zhe jiang, ning bo, ning hai
zhe jiang, ning bo, bei lun
zhe jiang, ning bo, yin zhou
zhe jiang, ning bo, zhen hai
zhe jiang, shao xing, yue cheng
zhe jiang, shao xing, zhu ji
zhe jiang, shao xing, shang yu
zhe jiang, shao xing, xin chang
zhe jiang, shao xing, sheng zhou
zhe jiang, shao xing, ke qiao
zhe jiang, tai zhou, cheng qu
zhe jiang, tai zhou, yu huan
zhe jiang, tai zhou, san men
zhe jiang, tai zhou, tian tai
zhe jiang, tai zhou, xian ju
zhe jiang, tai zhou, wen ling
zhe jiang, tai zhou, lin hai
zhe jiang, tai zhou, jiao jiang
zhe jiang, tai zhou, huang yan
zhe jiang, tai zhou, lu qiao
zhe jiang, wen zhou, cheng qu
zhe jiang, wen zhou, tai shun
zhe jiang, wen zhou, wen cheng
zhe jiang, wen zhou, ping yang
zhe jiang, wen zhou, rui an
zhe jiang, wen zhou, dong tou
zhe jiang, wen zhou, yue qing
zhe jiang, wen zhou, yong jia
zhe jiang, wen zhou, cang nan
zhe jiang, li shui, cheng qu
zhe jiang, li shui, sui chang
zhe jiang, li shui, long quan
zhe jiang, li shui, jin yun
zhe jiang, li shui, qing tian
zhe jiang, li shui, yun he
zhe jiang, li shui, qing yuan
zhe jiang, li shui, song yang
zhe jiang, li shui, jing ning
zhe jiang, jin hua, cheng qu
zhe jiang, jin hua, pu jiang
zhe jiang, jin hua, lan xi
zhe jiang, jin hua, yi wu
zhe jiang, jin hua, dong yang
zhe jiang, jin hua, wu yi
zhe jiang, jin hua, yong kang
zhe jiang, jin hua, pan an
zhe jiang, qu zhou, cheng qu
zhe jiang, qu zhou, chang shan
zhe jiang, qu zhou, kai hua
zhe jiang, qu zhou, long you
zhe jiang, qu zhou, jiang shan
zhe jiang, qu zhou, qu jiang
zhe jiang, zhou shan, cheng qu
zhe jiang, zhou shan, sheng si
zhe jiang, zhou shan, dai shan
zhe jiang, zhou shan, pu tuo
zhe jiang, zhou shan, ding hai
chong qing, cheng qu
chong qing, yong chuan
chong qing, he chuan
chong qing, nan chuan
chong qing, jiang jin
chong qing, yu bei
chong qing, bei bei
chong qing, ba nan
chong qing, chang shou
chong qing, qian jiang
chong qing, wan zhou
chong qing, fu ling
chong qing, cheng kou
chong qing, yun yang
chong qing, wu xi
chong qing, feng jie
chong qing, wu shan
chong qing, tong nan
chong qing, dian jiang
chong qing, liang ping
chong qing, zhong xian
chong qing, shi zhu
chong qing, da zu
chong qing, rong chang
chong qing, tong liang
chong qing, bi shan
chong qing, feng dou
chong qing, wu long
chong qing, peng shui
chong qing, qi jiang
chong qing, you yang
chong qing, xiu shan
chong qing, kai zhou